employee_id,branch_id,employee_name,designation,salary,hire_date
1,59,Tripti Sha,Relationship Manager,74814,2012-06-12
2,91,Inaya Sant,Relationship Manager,70757,2023-10-01
3,56,Jairaj Buch,Customer Service Executive,41608,2022-01-06
4,69,Chanakya Jayaraman,Assistant Manager,67950,2017-11-29
5,95,Dayamai Jani,Assistant Manager,89880,2012-07-28
6,7,Ranbir Palan,Loan Officer,53401,2019-02-03
7,30,Shivansh Rau,Customer Service Executive,35138,2022-03-11
8,23,Keya Dyal,Cashier,29614,2010-09-22
9,115,Abdul Randhawa,Cashier,36370,2011-07-11
10,81,Reyansh Ganesh,Customer Service Executive,38424,2007-05-23
11,52,Sara Ram,Cashier,40109,2010-10-23
12,36,Yug Tripathi,Credit Analyst,74582,2016-05-13
13,110,Hemal Patil,Relationship Manager,53132,2022-12-15
14,1,David Chaudhuri,Relationship Manager,70920,2016-09-15
15,100,Zayyan Khatri,Relationship Manager,55652,2021-05-21
16,22,Aachal Din,Cashier,25856,2008-06-25
17,58,Nitesh Bhagat,Cashier,37702,2015-11-12
18,80,Chandresh Kanda,Relationship Manager,48437,2017-01-16
19,32,Ishanvi Nath,IT Support Officer,63504,2022-01-03
20,100,Ishaan Soman,IT Support Officer,56617,2013-01-23
21,89,Shaurya Bassi,Loan Officer,62198,2019-10-07
22,88,Nandini Doshi,Credit Analyst,72496,2022-09-21
23,110,Sai Dyal,Credit Analyst,73789,2008-03-07
24,52,Champak Hora,Sales Executive,49952,2014-12-19
25,105,Girindra Barad,Branch Manager,103280,2011-04-07
26,84,Gautam Das,Loan Officer,68472,2015-01-23
27,31,Neelima Bansal,Loan Officer,68667,2024-11-22
28,103,Urvi Seshadri,Credit Analyst,82340,2018-03-12
29,33,Rishi Krishnamurthy,IT Support Officer,44823,2020-09-18
30,87,Sathvik Sachar,Branch Manager,166723,2009-02-19
31,22,Nandini Lad,Customer Service Executive,26788,2009-09-24
32,91,Vedant Batta,Loan Officer,47930,2019-10-16
33,101,Aarnav Madan,Branch Manager,168035,2016-11-10
34,114,Atharv Menon,Cashier,35153,2014-05-24
35,80,Aditya Buch,Credit Analyst,64185,2013-12-22
36,46,Arin Chadha,IT Support Officer,50936,2026-05-31
37,2,Ekiya Sawhney,Sales Executive,47595,2007-08-25
38,61,Fiyaz Bajaj,Assistant Manager,72637,2018-06-30
39,16,Nathan Aggarwal,Credit Analyst,63706,2006-12-19
40,50,Yashica Randhawa,Branch Manager,103635,2012-06-09
41,87,Lavanya Sekhon,Operations Executive,53370,2013-02-24
42,80,Naveen Madan,Relationship Manager,76241,2008-12-28
43,5,Laban Sarkar,Credit Analyst,79178,2026-05-24
44,7,Charvi Dass,Relationship Manager,76055,2010-04-15
45,26,Champak Ramaswamy,Branch Manager,122609,2022-02-05
46,13,Indali Chahal,Relationship Manager,47559,2008-11-12
47,28,Riya Saha,Relationship Manager,50910,2007-03-08
48,33,Vasana Cherian,Assistant Manager,64377,2009-07-06
49,5,Girish Din,Operations Executive,47712,2011-04-13
50,61,Onkar Parmar,Operations Executive,44762,2025-10-01
51,90,Hemang Sundaram,Customer Service Executive,39883,2017-06-30
52,25,Urmi Manda,Credit Analyst,66463,2014-03-22
53,19,Veer Banerjee,Operations Executive,36838,2006-12-26
54,10,Yashawini Chowdhury,Operations Executive,49591,2025-02-23
55,52,Jeremiah Singh,Loan Officer,57070,2008-04-10
56,25,Inaya Uppal,Assistant Manager,74919,2022-09-30
57,50,Waida Batta,Branch Manager,125573,2023-09-23
58,35,Ayushman Vohra,Branch Manager,129907,2024-05-01
59,120,Qarin Baral,Branch Manager,93420,2026-03-07
60,38,Ubika Apte,Credit Analyst,65202,2010-05-17
61,2,Jeevika Nagi,Operations Executive,51419,2010-08-03
62,29,Hemang Mohan,Assistant Manager,79528,2016-11-16
63,110,Rehaan Nanda,Branch Manager,101381,2009-07-03
64,46,Hemal Dube,IT Support Officer,50618,2013-01-12
65,5,Finn Chahal,Sales Executive,48861,2017-03-22
66,116,Dipta Loyal,Relationship Manager,50487,2011-09-09
67,89,Sachi Babu,Branch Manager,170955,2013-06-18
68,109,Urmi Basak,Customer Service Executive,43149,2024-12-15
69,21,Inaya Amble,Relationship Manager,45211,2009-05-01
70,91,Darsh Sandal,Branch Manager,131915,2019-06-26
71,51,Robert Sarin,Credit Analyst,61435,2012-08-21
72,49,Amaira Kulkarni,Operations Executive,53868,2013-11-26
73,26,Mugdha Ramanathan,Sales Executive,31965,2015-05-05
74,77,Ayaan Lata,Relationship Manager,62746,2014-09-12
75,81,Charles Sagar,Assistant Manager,89983,2009-08-29
76,56,Jagdish Gara,Relationship Manager,78060,2022-07-29
77,84,Tanish Vasa,Assistant Manager,79712,2014-08-14
78,111,Anthony Shukla,Relationship Manager,52293,2017-12-23
79,79,Alka Tara,IT Support Officer,47310,2008-03-07
80,51,Ishani Barman,Branch Manager,150082,2015-04-16
81,91,Bhavya Walla,Operations Executive,41516,2020-01-13
82,9,Ekta Dugar,Assistant Manager,63058,2010-10-17
83,54,Harini Tak,Sales Executive,25654,2020-02-07
84,20,Yatin Tata,IT Support Officer,55749,2009-10-28
85,89,Patrick Bose,Assistant Manager,65800,2014-11-10
86,81,Anirudh Mammen,Loan Officer,46256,2022-12-02
87,73,Gautami Ray,Credit Analyst,59633,2008-01-18
88,98,Vamakshi Padmanabhan,Relationship Manager,54613,2018-03-05
89,46,Yashodhara Mani,Relationship Manager,69865,2011-11-20
90,83,Dayamai Kaur,Assistant Manager,91744,2020-03-24
91,15,Balveer Agrawal,Customer Service Executive,40466,2015-09-02
92,30,Hardik Majumdar,Loan Officer,62825,2020-11-28
93,5,Arunima Basak,Cashier,25465,2023-05-16
94,65,Qabil Chadha,Cashier,28702,2009-08-03
95,12,Sathvik Wagle,Credit Analyst,58192,2009-05-28
96,81,Nachiket Ravi,Sales Executive,26707,2023-09-24
97,45,Megha Narula,Sales Executive,41732,2020-05-01
98,27,Radha Kota,Sales Executive,41135,2009-03-27
99,116,Jyoti Agarwal,Branch Manager,177977,2016-04-21
100,76,Aditya Seshadri,Credit Analyst,66776,2016-04-13
101,78,Sara Suresh,Branch Manager,158856,2024-06-27
102,105,Urvashi Dhaliwal,Credit Analyst,56998,2013-06-24
103,6,Lopa Andra,Relationship Manager,60248,2007-05-09
104,89,Indrajit Kibe,Sales Executive,25358,2011-05-15
105,29,Urvashi Ghose,Assistant Manager,84059,2020-06-14
106,16,Chaman Vohra,Customer Service Executive,34832,2019-09-21
107,40,Lopa Som,Assistant Manager,79985,2010-06-14
108,120,Azad Uppal,Sales Executive,45336,2008-06-26
109,42,Yashoda Sangha,Cashier,27892,2019-09-08
110,44,Timothy Bahri,Relationship Manager,55056,2010-05-12
111,92,Udant Rai,Cashier,38886,2015-08-05
112,12,Zilmil Gaba,Assistant Manager,80650,2022-10-03
113,27,Ijaya Palla,IT Support Officer,50303,2020-05-17
114,20,Ethan Sami,Loan Officer,47259,2014-05-27
115,120,Aadi Mannan,Sales Executive,49791,2024-12-22
116,27,Kashish Srinivasan,Branch Manager,158055,2020-07-06
117,61,Raksha Devi,Relationship Manager,47763,2023-04-29
118,57,Bishakha Apte,Credit Analyst,72969,2009-02-08
119,11,Jason Vig,Branch Manager,155165,2020-01-29
120,55,Neel Madan,Branch Manager,140004,2008-03-11
121,25,George Wable,Relationship Manager,73566,2021-10-29
122,27,Atharv Pall,Relationship Manager,62429,2013-05-13
123,28,Yatan Merchant,Loan Officer,59262,2024-02-17
124,116,Divya Nagi,Operations Executive,42842,2017-02-26
125,43,Harsh Dugar,Loan Officer,41803,2017-01-25
126,31,Yashica Kaul,Loan Officer,74038,2014-06-17
127,7,Geetika Din,Relationship Manager,72261,2019-12-29
128,93,Upadhriti Dhar,Assistant Manager,83095,2020-03-18
129,22,Orinder Kibe,Assistant Manager,90958,2014-04-26
130,28,Bhavani Sundaram,Customer Service Executive,41979,2016-09-12
131,52,Hamsini Balasubramanian,Cashier,25704,2019-06-24
132,108,Pooja Subramaniam,Sales Executive,36052,2016-02-21
133,34,Ayaan Vohra,Branch Manager,155393,2020-04-09
134,7,Falguni Malhotra,IT Support Officer,65906,2018-05-23
135,46,Pooja Dani,Assistant Manager,62721,2026-03-27
136,100,Jeremiah Dani,Loan Officer,70004,2009-04-15
137,80,Nachiket Iyer,IT Support Officer,63624,2012-05-04
138,69,Vasudha Sha,Loan Officer,66061,2016-11-21
139,42,Meghana Chaudhary,Customer Service Executive,30155,2017-11-25
140,95,Riya Shanker,Relationship Manager,57033,2026-03-06
141,64,Chakradev Divan,Customer Service Executive,38098,2008-11-13
142,53,Sudiksha Chacko,IT Support Officer,48090,2017-04-19
143,96,Bakhshi Cheema,Sales Executive,28198,2024-05-06
144,28,Gavin Palan,Credit Analyst,61575,2021-05-17
145,32,Bishakha Aggarwal,Assistant Manager,65291,2018-01-23
146,79,Tanmayi Golla,Branch Manager,126685,2008-03-17
147,29,Darsh Zachariah,Sales Executive,35976,2025-02-23
148,89,Aashi Tata,Operations Executive,31489,2009-08-24
149,35,Tamanna Sridhar,IT Support Officer,55602,2015-01-17
150,89,Madhavi Barad,Customer Service Executive,36240,2025-05-01
151,66,Advaith Chaudry,Assistant Manager,78865,2016-01-04
152,96,Lipika Acharya,IT Support Officer,45186,2012-10-28
153,40,Neel Kakar,Customer Service Executive,32648,2017-01-28
154,56,Ekbal Dhaliwal,Operations Executive,31296,2023-10-26
155,35,Gauri Chaudhry,Branch Manager,100682,2026-05-16
156,93,Rehaan Chaudhari,Credit Analyst,56464,2020-02-14
157,81,Charles Padmanabhan,Loan Officer,67753,2020-02-27
158,69,Yadavi Murty,Sales Executive,34104,2014-01-26
159,88,Chasmum Garg,Credit Analyst,52802,2008-08-18
160,88,Krisha D’Alia,Sales Executive,45633,2006-09-10
161,24,Forum Wagle,Loan Officer,45655,2015-08-10
162,98,Tanmayi Batta,Assistant Manager,92153,2012-03-26
163,84,Anay Pillai,IT Support Officer,69143,2025-08-03
164,68,Charita Wable,Cashier,27795,2023-03-24
165,79,Darpan Patel,Customer Service Executive,30102,2014-01-28
166,65,Shivani Chopra,Operations Executive,31299,2010-05-31
167,43,Balhaar Suresh,Operations Executive,43320,2011-11-13
168,104,Turvi Sawhney,Relationship Manager,73438,2020-12-16
169,102,Aachal Tandon,Cashier,44757,2008-10-01
170,58,Kamala Raju,Assistant Manager,84130,2012-12-13
171,37,Shivansh Bora,Branch Manager,145513,2024-03-18
172,58,Forum Halder,Branch Manager,168647,2008-02-15
173,104,Wakeeta Varughese,Loan Officer,52963,2007-11-02
174,63,Ira Pau,Sales Executive,45844,2009-03-21
175,109,Balhaar Murty,Credit Analyst,58229,2012-06-12
176,19,Alexander Sur,Sales Executive,31720,2015-12-19
177,50,Sai Bahl,Loan Officer,40595,2019-05-14
178,52,Devansh Manda,Branch Manager,104516,2011-08-16
179,32,Saumya Korpal,IT Support Officer,44686,2006-07-28
180,107,Diya Atwal,Cashier,40518,2021-05-18
181,53,Chaman Keer,Relationship Manager,65270,2007-10-20
182,68,Madhavi Murty,Loan Officer,65463,2007-03-12
183,50,Chaitaly Panchal,Operations Executive,48851,2016-06-05
184,15,Vidhi Rattan,Sales Executive,43289,2018-11-27
185,100,Yashodhara Buch,IT Support Officer,44579,2014-12-10
186,66,Panini Sura,Branch Manager,97638,2009-12-05
187,66,Peter Dhar,Branch Manager,146110,2024-12-18
188,49,Dev Barad,Operations Executive,37253,2014-07-22
189,15,Maya Varty,Branch Manager,99753,2022-09-23
190,86,Wishi Datta,Cashier,37479,2019-06-21
191,40,Girish Bajwa,Loan Officer,74020,2013-07-20
192,115,Nisha Ganesh,Relationship Manager,76307,2008-12-10
193,97,Leela Gulati,IT Support Officer,58128,2014-08-31
194,86,Nicholas Gupta,Customer Service Executive,36392,2017-07-18
195,53,Onkar Nagarajan,Customer Service Executive,34122,2020-11-04
196,55,Jatin Sengupta,Assistant Manager,75218,2023-01-05
197,1,Oeshi Ganesan,Operations Executive,39530,2013-02-12
198,5,Dhruv Pal,Credit Analyst,74424,2013-06-19
199,53,Vedika Taneja,Sales Executive,33336,2010-12-01
200,18,Advika Varty,Sales Executive,48037,2006-09-19
201,80,Yahvi Varkey,Sales Executive,49929,2024-06-14
202,46,Joshua Anne,IT Support Officer,49563,2021-08-19
203,10,Sachi Sarraf,Branch Manager,141311,2017-05-13
204,67,Amrita Mitter,Assistant Manager,86147,2015-05-02
205,85,Gaurav Khalsa,Cashier,30285,2010-01-17
206,7,Luke Contractor,Loan Officer,42598,2011-01-09
207,68,Peter Master,Assistant Manager,89518,2010-04-22
208,116,Bhavani Behl,Customer Service Executive,25840,2012-07-31
209,76,Thomas Roy,Customer Service Executive,31609,2024-05-21
210,96,Gaurav Walla,Customer Service Executive,33055,2015-10-16
211,38,Maya Shanker,IT Support Officer,56976,2023-08-17
212,120,Ikbal Apte,IT Support Officer,66740,2012-04-10
213,41,Zashil Kohli,Loan Officer,61020,2014-12-29
214,34,Ishita Hans,Customer Service Executive,28350,2017-08-19
215,86,Chatresh Mahal,Relationship Manager,65353,2012-10-10
216,65,Upasna Khurana,Sales Executive,45798,2017-01-22
217,30,Ikbal Jha,Cashier,32926,2009-02-15
218,19,Teerth Modi,Customer Service Executive,37992,2012-04-16
219,60,Sanya Gandhi,Sales Executive,29642,2007-09-09
220,46,Gopal Kala,Operations Executive,51608,2022-08-21
221,93,Christopher Menon,Relationship Manager,60920,2025-04-21
222,114,Hredhaan Kara,IT Support Officer,47527,2008-04-02
223,37,Chakradhar Baral,Loan Officer,71760,2021-05-28
224,72,Tanish Sinha,Loan Officer,58376,2008-03-18
225,44,Neel Hari,IT Support Officer,41003,2013-04-14
226,80,Manbir Chadha,Operations Executive,42638,2009-10-27
227,55,Saanvi Ratta,Credit Analyst,81585,2017-05-31
228,67,Zilmil Karan,Loan Officer,66732,2020-07-08
229,91,Gautam Thaker,Branch Manager,158824,2020-12-01
230,94,Upkaar Bedi,Operations Executive,34631,2018-05-04
231,77,Samarth Varma,Customer Service Executive,34070,2013-09-08
232,48,Chaitanya Chaudry,Customer Service Executive,38952,2021-05-04
233,75,Shaurya Golla,Assistant Manager,71974,2008-11-16
234,91,Anvi Iyengar,Relationship Manager,52806,2008-04-19
235,60,Samuel D’Alia,Assistant Manager,70214,2022-01-27
236,22,Nidra Subramaniam,Cashier,27020,2007-04-24
237,92,Aadhya Om,Credit Analyst,81656,2008-01-16
238,91,Rachita Desai,Sales Executive,45929,2022-05-15
239,40,Chaitaly Mahal,IT Support Officer,42347,2025-07-28
240,13,Azad Mander,Operations Executive,40976,2016-08-19
241,83,Yauvani Shan,Sales Executive,39486,2006-12-18
242,97,Ria Patel,Sales Executive,43947,2022-03-15
243,71,Lucky Sarna,Loan Officer,42974,2025-09-05
244,100,Maanas Raja,IT Support Officer,63849,2016-05-22
245,9,Zayan Parmar,Relationship Manager,46622,2025-09-22
246,74,Kevin Balay,Sales Executive,27749,2011-03-28
247,3,Ishwar Sankar,Customer Service Executive,43814,2020-04-05
248,87,Radhika Khalsa,Branch Manager,161415,2007-09-13
249,96,Aarini Dada,Credit Analyst,56891,2010-03-10
250,100,Varsha Thakkar,Credit Analyst,56424,2016-02-21
251,115,Harshil Lalla,Assistant Manager,82764,2015-12-05
252,93,Girik Mahal,Operations Executive,48018,2008-10-18
253,38,Azaan Banik,Assistant Manager,60248,2008-03-10
254,44,Upkaar Ranganathan,IT Support Officer,40730,2016-01-09
255,97,Yamini Bhargava,Sales Executive,30951,2008-07-10
256,91,Chasmum Srivastava,Branch Manager,144921,2016-04-01
257,95,Priya Swamy,Branch Manager,174309,2017-06-06
258,81,Dayamai Baral,Credit Analyst,72156,2014-11-16
259,96,Vritti Dara,Loan Officer,72755,2018-05-03
260,7,Gautam Bhakta,Assistant Manager,89868,2019-02-11
261,79,Vedika Gopal,Sales Executive,46872,2026-02-20
262,91,Pooja Lall,Loan Officer,55255,2021-02-27
263,5,Dakshesh Bhalla,Operations Executive,48132,2015-09-04
264,97,Chaitanya Kapadia,Operations Executive,48540,2025-08-29
265,14,Lekha Patla,Branch Manager,126625,2012-05-03
266,89,Yuvraj Bedi,Relationship Manager,70470,2024-01-13
267,24,Dev Chadha,Branch Manager,144479,2014-06-16
268,115,Amara Raman,Relationship Manager,58869,2023-05-15
269,29,Umang Nadkarni,Loan Officer,44682,2014-10-17
270,81,Diya Krish,Relationship Manager,78350,2018-05-24
271,71,Charles Tara,Branch Manager,133699,2021-01-30
272,107,Jeevika Pandya,Assistant Manager,98621,2017-10-14
273,37,Upadhriti Gulati,IT Support Officer,60274,2016-09-24
274,13,Eiravati Kurian,Cashier,38117,2008-01-18
275,115,Chanchal Din,IT Support Officer,50847,2018-04-08
276,116,Chakradev Butala,Branch Manager,135104,2021-06-20
277,5,Ladli Doctor,Operations Executive,52202,2023-09-09
278,77,Mitesh Toor,Credit Analyst,70655,2025-10-29
279,96,Om Joshi,Cashier,36143,2021-05-20
280,72,Onkar Seshadri,Loan Officer,51238,2011-11-23
281,103,Yashasvi Malhotra,Assistant Manager,96073,2017-02-12
282,118,Hiral Bath,Sales Executive,37340,2017-12-13
283,1,Forum Lanka,Assistant Manager,62233,2006-10-31
284,86,Bishakha Roy,Customer Service Executive,42355,2011-08-02
285,72,Samarth Barman,Loan Officer,74026,2020-07-13
286,71,Balveer Minhas,Credit Analyst,60833,2006-11-22
287,7,Udyati Yadav,Sales Executive,47061,2025-07-06
288,13,Ikbal Nagar,Relationship Manager,46102,2021-05-11
289,72,Bina Johal,Customer Service Executive,25803,2025-02-15
290,68,Daksh Chowdhury,Loan Officer,72214,2014-01-22
291,81,Daksh Chowdhury,Cashier,26977,2011-04-10
292,29,Faris Saran,Customer Service Executive,32008,2017-03-17
293,14,Hemang Gala,Sales Executive,28765,2025-06-13
294,81,Lakshit Mahajan,Sales Executive,26195,2013-02-09
295,106,Agastya Borah,Sales Executive,30167,2023-01-23
296,60,Harinakshi Mukherjee,Operations Executive,44552,2020-04-09
297,63,Hredhaan Sami,Operations Executive,49302,2019-10-07
298,87,Chakradev Chandra,Loan Officer,72482,2016-08-10
299,33,Omkaar Chaudhary,Assistant Manager,84309,2024-11-13
300,25,Chanchal Tara,Operations Executive,33389,2013-04-09
301,112,Ucchal Radhakrishnan,Credit Analyst,63789,2008-08-24
302,88,Amruta Bera,Assistant Manager,94109,2012-07-30
303,43,Omisha Anand,Branch Manager,114994,2014-10-02
304,78,Kala Kashyap,Branch Manager,142334,2021-11-24
305,81,Laban Karnik,Sales Executive,41945,2017-11-03
306,34,Jason Sani,Branch Manager,136222,2022-02-26
307,113,Arjun Baria,IT Support Officer,51973,2011-09-17
308,11,Arya Pathak,Assistant Manager,62416,2016-09-24
309,85,Hitesh Dey,Customer Service Executive,30724,2021-06-02
310,117,Vaishnavi Dayal,Sales Executive,25500,2016-10-02
311,63,Dhruv Memon,IT Support Officer,49113,2025-08-27
312,85,Laban Kar,Assistant Manager,89131,2024-06-02
313,81,Yashasvi Sarin,Branch Manager,139551,2020-10-14
314,69,Advik Tara,Cashier,27091,2009-04-01
315,108,Henry Ahuja,Loan Officer,49861,2015-06-28
316,14,Hemang Kalla,IT Support Officer,64201,2014-11-06
317,91,Ikshita Raju,IT Support Officer,54701,2010-07-26
318,117,Nidra Chaudhry,IT Support Officer,66516,2020-08-26
319,1,Tarak Prabhakar,Cashier,43346,2017-12-21
320,75,Divya Andra,Assistant Manager,80685,2025-10-07
321,2,Anita Mukhopadhyay,IT Support Officer,54325,2013-05-23
322,88,Sai Chaudhari,Relationship Manager,64430,2024-06-09
323,76,Meera Hayer,Cashier,26250,2008-01-13
324,50,Bhavika Thakkar,Loan Officer,60638,2024-10-28
325,24,Joshua Gola,Branch Manager,128576,2023-12-18
326,38,Chaman Prasad,Customer Service Executive,43727,2018-12-02
327,63,Hemang Subramaniam,Loan Officer,66254,2014-11-26
328,17,Advay Shere,Customer Service Executive,41691,2016-09-27
329,116,Neelima Varty,Assistant Manager,76256,2017-10-23
330,120,Nicholas Keer,Customer Service Executive,38914,2025-10-08
331,83,Urvashi Parekh,Sales Executive,28299,2014-10-10
332,23,Rachita Rao,Branch Manager,172780,2020-01-04
333,70,Ria Balay,Relationship Manager,56595,2024-05-06
334,5,Hredhaan Narain,Assistant Manager,75512,2013-04-18
335,118,Vasana Barman,Assistant Manager,85745,2017-12-01
336,62,Abeer Mann,Credit Analyst,68523,2017-12-21
337,17,Dev Bali,Sales Executive,46354,2018-06-23
338,51,Lohit Choudhry,Operations Executive,47237,2014-05-02
339,81,Jhalak Badal,Assistant Manager,61591,2021-03-22
340,39,Sara Rout,Cashier,38480,2011-06-11
341,10,Harshil Hari,Relationship Manager,68734,2007-12-04
342,103,Harini Yogi,Operations Executive,36184,2010-11-17
343,96,Vritti Issac,Cashier,35786,2007-03-18
344,78,Mohini Raja,Relationship Manager,57450,2020-12-27
345,81,Brijesh Agarwal,Customer Service Executive,34874,2018-07-24
346,41,Gunbir Virk,Relationship Manager,72626,2018-11-25
347,16,Rachit Thakur,Sales Executive,39727,2010-08-22
348,52,Hardik Das,Sales Executive,38595,2013-01-27
349,25,Pranit Luthra,Relationship Manager,76025,2020-08-25
350,114,Chatresh Dyal,Assistant Manager,82657,2015-11-06
351,96,Rachana Arora,Cashier,38786,2019-09-28
352,64,Ekta Karan,Sales Executive,46200,2018-09-04
353,75,Daksha Maharaj,Relationship Manager,48364,2018-01-23
354,119,Anusha Chandra,Credit Analyst,67116,2016-02-29
355,79,Kamala Ravel,Credit Analyst,50412,2016-06-22
356,95,Vedika Rajan,Relationship Manager,78004,2016-03-04
357,78,Niharika Rai,Credit Analyst,84573,2020-09-22
358,107,Samarth Sarraf,Credit Analyst,55158,2013-02-04
359,2,Alexander Chada,Relationship Manager,74143,2018-01-23
360,57,Noah Mangal,Loan Officer,68820,2022-05-21
361,29,Charvi Panchal,Customer Service Executive,33796,2021-12-19
362,39,Ekalinga Dubey,IT Support Officer,48503,2018-07-11
363,96,Raghav Sachdev,Relationship Manager,79705,2019-08-11
364,31,Charan Chandra,Assistant Manager,66827,2025-04-24
365,77,Joshua Virk,Operations Executive,53907,2012-04-28
366,15,Gautami Buch,Relationship Manager,53706,2017-05-26
367,60,Nicholas Iyer,Credit Analyst,61616,2016-12-25
368,15,Charles Sood,Loan Officer,57775,2012-08-20
369,7,Kiaan Sood,Loan Officer,51711,2010-07-31
370,68,Andrew Chacko,Credit Analyst,54947,2008-01-10
371,95,Indira Sharma,IT Support Officer,63218,2007-08-26
372,86,Henry Varughese,Credit Analyst,64446,2025-07-28
373,96,Chandran Sur,Credit Analyst,76905,2011-03-03
374,98,Chasmum Reddy,Credit Analyst,73288,2017-02-24
375,69,Xalak Dugar,Assistant Manager,77890,2017-02-16
376,72,Ubika Yadav,Cashier,37879,2019-10-18
377,65,Noah Bassi,Sales Executive,45505,2006-08-01
378,64,Aahana Sankaran,IT Support Officer,43557,2026-04-01
379,22,Tristan Chakraborty,Branch Manager,90596,2011-02-07
380,86,Jeet Kala,Loan Officer,55990,2011-05-07
381,3,Ishwar Ahuja,Cashier,36736,2023-01-11
382,81,Teerth Cheema,Cashier,35720,2023-06-12
383,102,Urmi Narang,Assistant Manager,63500,2026-02-22
384,24,Ekbal Hari,Loan Officer,69909,2011-06-04
385,75,Aishani Ben,Sales Executive,32922,2019-01-10
386,24,Bina Pandya,Loan Officer,47157,2012-06-09
387,10,Jacob Atwal,Cashier,31273,2019-12-11
388,39,Anirudh Sathe,Cashier,30575,2016-08-28
389,115,Tripti Seshadri,Cashier,39637,2009-10-03
390,5,Jhalak Balasubramanian,Relationship Manager,50635,2017-11-06
391,28,Vanya Bhalla,Assistant Manager,91079,2024-02-05
392,109,Mekhala Khatri,Operations Executive,31792,2011-05-11
393,98,Ladli Shankar,Loan Officer,52309,2006-07-07
394,14,Bachittar Nori,IT Support Officer,47420,2017-04-22
395,62,Aadi Desai,Branch Manager,96091,2007-08-18
396,78,Ethan Narang,Branch Manager,147409,2018-04-14
397,105,Unnati Bassi,Sales Executive,44624,2020-08-10
398,61,Upasna Lata,Cashier,26646,2020-12-04
399,21,Indrajit Tella,Relationship Manager,57719,2014-07-29
400,100,Pushti Nadig,Cashier,35058,2021-08-17
401,12,Anirudh Divan,Relationship Manager,51393,2022-10-06
402,42,Mitesh Kant,Credit Analyst,79051,2014-11-07
403,97,Indali Kala,Operations Executive,54121,2020-09-05
404,98,Tanvi Khurana,Customer Service Executive,43335,2011-07-20
405,67,Forum Trivedi,Cashier,32438,2013-03-18
406,85,Ishaan Chana,Operations Executive,42656,2017-02-01
407,94,Tanish Kota,Assistant Manager,92853,2011-02-18
408,42,Lakshit Shan,Operations Executive,37414,2022-03-11
409,45,Chandran Hora,Branch Manager,159606,2007-09-28
410,27,Bimala Lanka,Relationship Manager,78731,2022-04-10
411,116,Watika Naik,Cashier,26233,2022-11-23
412,119,Amara Lal,Branch Manager,103415,2015-07-18
413,104,Naveen Batta,Operations Executive,39061,2018-10-12
414,119,Kalpit Din,Cashier,30940,2014-05-05
415,95,Irya Dar,Assistant Manager,93263,2018-12-14
416,36,Upasna Rama,Loan Officer,53070,2011-04-17
417,38,Mohammed Kala,Branch Manager,175723,2008-02-23
418,15,Pallavi Sachdeva,Cashier,39995,2023-07-23
419,85,Arya Puri,Branch Manager,170605,2013-08-15
420,62,William Kadakia,Operations Executive,30779,2024-01-21
421,39,Oeshi Nagarajan,Credit Analyst,66744,2025-01-30
422,90,Aarini Chada,Customer Service Executive,26483,2021-07-29
423,99,Ranbir Viswanathan,Operations Executive,44187,2026-03-12
424,60,Azad Maharaj,Relationship Manager,66672,2026-01-31
425,91,Sai Mandal,Loan Officer,57940,2016-01-07
426,48,Lopa Kibe,Credit Analyst,52103,2015-09-08
427,86,Ria Kulkarni,Loan Officer,59513,2018-07-07
428,83,Pooja Nazareth,Operations Executive,46785,2022-02-27
429,117,Sanaya Raja,Sales Executive,25444,2009-09-20
430,57,Arin Madan,Relationship Manager,68624,2013-09-19
431,39,Thomas Gola,Sales Executive,29668,2017-04-23
432,73,Yashodhara Bera,Sales Executive,28778,2023-06-16
433,99,Samaksh Deshpande,Relationship Manager,70073,2007-07-15
434,17,Pallavi Chaudhary,Loan Officer,56488,2022-09-06
435,73,Veer Srinivasan,Customer Service Executive,27870,2020-01-17
436,73,Yoshita Dhawan,Relationship Manager,47100,2022-05-19
437,18,Bina Subramanian,IT Support Officer,62947,2021-04-12
438,95,Niharika Purohit,Loan Officer,47533,2011-12-16
439,52,Sai Sawhney,Operations Executive,36452,2017-11-01
440,31,Sai Nayak,Operations Executive,31152,2025-06-08
441,33,Raksha Pandit,Cashier,28829,2006-09-30
442,41,Ojas Madan,Assistant Manager,97928,2016-04-24
443,99,Zansi Badami,Sales Executive,41449,2008-03-08
444,12,Upasna Lala,Loan Officer,46758,2025-11-19
445,36,Hitesh Khatri,Loan Officer,59510,2010-06-27
446,36,Naveen Deshmukh,Assistant Manager,64419,2024-04-05
447,4,Mohammed Kashyap,Cashier,26178,2014-03-27
448,86,Aarna Varma,Branch Manager,133037,2011-03-09
449,51,Avi Viswanathan,Cashier,34170,2011-08-13
450,79,Aryan Subramanian,Cashier,44075,2025-03-26
451,65,Wridesh Kapur,IT Support Officer,41923,2017-01-21
452,98,Umang Mane,Branch Manager,158054,2012-06-11
453,39,Laban Bedi,Cashier,43859,2015-11-07
454,62,Yashasvi Saxena,Credit Analyst,68776,2022-11-24
455,99,Ekantika Lall,Relationship Manager,73076,2011-09-24
456,90,Deepa Dara,Sales Executive,35523,2015-10-08
457,105,Lohit Korpal,Loan Officer,60277,2014-04-22
458,98,Vasana Sankaran,Branch Manager,174199,2014-11-19
459,14,Zehaan Sawhney,Cashier,41093,2017-10-28
460,115,Harinakshi Reddy,Assistant Manager,82793,2025-04-11
461,120,Baljiwan Chaudhary,Loan Officer,45944,2007-10-02
462,48,Om Nigam,Branch Manager,172959,2019-03-21
463,63,Chatura Baria,Cashier,30969,2012-01-14
464,24,Lakshmi Venkataraman,IT Support Officer,53957,2015-01-02
465,113,Rachit Kumar,Loan Officer,68229,2013-01-14
466,8,Chatura Shetty,Branch Manager,97383,2015-10-09
467,50,Eta Lad,Loan Officer,42922,2011-01-13
468,89,Jyoti Malhotra,Cashier,43451,2017-05-30
469,99,Hemangini Seth,Branch Manager,140441,2023-03-05
470,22,Vasana Ranganathan,Customer Service Executive,43879,2010-07-01
471,32,Vedika Konda,Assistant Manager,63327,2024-10-17
472,91,Madhavi Babu,Credit Analyst,67475,2015-07-09
473,120,Kai Yogi,IT Support Officer,59922,2022-05-05
474,94,Samarth Handa,IT Support Officer,42072,2014-09-03
475,30,Varsha Seshadri,Assistant Manager,91447,2009-10-16
476,51,Unnati Ratti,Loan Officer,72485,2015-08-13
477,29,Rudra Hayer,Branch Manager,131678,2014-12-27
478,36,Ishaan Sheth,Cashier,35346,2014-02-06
479,114,Chaitaly Garde,Cashier,36451,2009-04-07
480,57,Udyati Soni,Credit Analyst,53429,2014-02-05
481,81,Gautam Randhawa,Sales Executive,39042,2009-07-13
482,102,Ayushman Sidhu,Sales Executive,37013,2009-07-22
483,43,Rachana Kohli,Customer Service Executive,30651,2011-11-14
484,104,Zayyan Nayar,Sales Executive,43754,2010-07-22
485,109,Manbir Dani,Cashier,34852,2020-04-04
486,104,Hemang Khanna,Sales Executive,35438,2013-09-01
487,89,Wishi Shenoy,Loan Officer,42977,2012-11-12
488,39,Laban Chaudhuri,Relationship Manager,54612,2009-09-29
489,120,Sai Dasgupta,Customer Service Executive,26356,2018-10-25
490,11,Sarthak Sood,Branch Manager,178047,2007-04-06
491,53,Daksh Karpe,Sales Executive,49785,2013-04-10
492,20,Krishna Varty,Operations Executive,46551,2018-02-22
493,95,Pushti Minhas,Assistant Manager,70092,2025-03-15
494,86,Ekaja Kumer,Credit Analyst,52847,2010-05-20
495,70,Benjamin Narayanan,Relationship Manager,58655,2014-08-06
496,70,Onveer Contractor,Operations Executive,44412,2024-09-06
497,58,Amaira Acharya,Relationship Manager,55383,2011-10-10
498,102,Kalpit Goswami,Assistant Manager,93128,2016-09-17
499,40,Eshana Dhar,Loan Officer,58442,2018-10-26
500,6,Indrajit Patel,Customer Service Executive,36025,2010-02-25
501,43,Gautami Palla,Cashier,44574,2020-04-15
502,2,Lakshmi Bera,Loan Officer,52628,2023-09-14
503,117,Ganga Savant,Loan Officer,66920,2025-09-05
504,35,Xalak Bhatnagar,Relationship Manager,58382,2022-10-29
505,53,Sara Munshi,Branch Manager,118752,2021-03-24
506,38,Zilmil Jayaraman,Branch Manager,91500,2008-07-23
507,60,Jalsa Chauhan,Relationship Manager,79455,2017-08-25
508,98,Ekaja Patla,IT Support Officer,66991,2024-07-21
509,14,Adweta Rajagopal,Branch Manager,131853,2023-05-12
510,23,Quincy Palan,Operations Executive,39528,2014-01-20
511,110,Vihaan Saraf,Cashier,42935,2012-09-13
512,70,Eesha Misra,IT Support Officer,40731,2012-05-07
513,114,Pahal Bail,Branch Manager,104803,2025-01-18
514,95,Yagnesh Gera,Cashier,32039,2007-06-29
515,15,Tamanna Vig,Branch Manager,108383,2024-10-30
516,11,Barkha Shan,Loan Officer,68531,2018-02-23
517,56,Hema Dash,Customer Service Executive,28415,2017-05-03
518,108,Divya Ravi,Relationship Manager,57188,2007-04-14
519,35,Lipika Sundaram,Relationship Manager,57729,2017-10-18
520,86,Chandran Pau,Customer Service Executive,25418,2017-09-03
521,63,Avni Wadhwa,Assistant Manager,83467,2009-05-04
522,40,Yauvani Dubey,Customer Service Executive,38262,2012-11-17
523,33,Laksh Viswanathan,IT Support Officer,43499,2016-07-29
524,50,Isaac Rau,Operations Executive,38547,2015-04-30
525,13,Udyati Baria,Branch Manager,128930,2008-05-15
526,22,Jason Lala,Branch Manager,162459,2008-09-15
527,70,Ayushman Jha,Assistant Manager,69483,2007-07-28
528,92,Ojas Sankaran,Loan Officer,72678,2015-11-23
529,119,Triya Magar,Cashier,35223,2020-04-09
530,119,Kala Barad,Sales Executive,37396,2023-10-09
531,14,Zehaan Dani,Assistant Manager,99166,2022-11-28
532,80,Lekha Ram,Loan Officer,43483,2008-06-01
533,54,Ishani Johal,Relationship Manager,72336,2008-05-05
534,84,Yahvi Dubey,Branch Manager,121780,2008-06-05
535,48,Mitali Kar,Relationship Manager,60131,2015-05-25
536,57,Baghyawati Mahal,Sales Executive,29453,2018-11-13
537,43,Ishani Brahmbhatt,Cashier,37264,2009-07-02
538,105,Jonathan Khalsa,Assistant Manager,88212,2009-12-07
539,104,Neel Bhalla,Sales Executive,48519,2017-03-25
540,77,Divya Setty,Credit Analyst,76408,2015-02-28
541,77,Jhalak Deol,Branch Manager,95321,2020-06-08
542,93,Vasudha Tata,Relationship Manager,49970,2016-06-27
543,47,Veer Kurian,Loan Officer,59702,2022-07-29
544,14,Jackson Srinivasan,Assistant Manager,69212,2018-09-19
545,81,Prisha Sunder,Sales Executive,26125,2007-09-30
546,93,Mohini Suresh,Sales Executive,44660,2023-08-08
547,39,Aditya Nanda,Relationship Manager,59402,2010-07-30
548,96,Darika Deshpande,Assistant Manager,79261,2014-12-09
549,119,Ekantika Yohannan,IT Support Officer,64058,2014-01-16
550,90,Mugdha Tata,Credit Analyst,52840,2018-05-29
551,29,Onkar Mohanty,Relationship Manager,79509,2019-10-10
552,65,Gabriel Korpal,Loan Officer,68588,2020-12-10
553,69,Harini Date,Operations Executive,41709,2007-12-15
554,114,Ridhi Mander,Branch Manager,155384,2014-02-25
555,79,Sai Aurora,Assistant Manager,83260,2021-07-22
556,79,Idika D’Alia,Assistant Manager,60443,2015-09-10
557,89,Balvan Kalita,Loan Officer,52357,2011-07-11
558,28,Urvi Dhingra,Assistant Manager,76078,2021-08-23
559,111,Hitesh Dash,Operations Executive,54994,2016-10-14
560,45,Barkha Bath,Credit Analyst,75334,2014-04-03
561,101,Kai Sanghvi,Assistant Manager,93409,2014-01-25
562,52,Chakrika Iyer,Sales Executive,28267,2016-11-25
563,101,Faris Kuruvilla,Operations Executive,54615,2024-11-25
564,28,Zaid Merchant,Sales Executive,44840,2009-03-28
565,110,Thomas Om,Customer Service Executive,36046,2019-12-02
566,101,Lajita Natarajan,Loan Officer,60660,2018-12-04
567,73,Theodore Thakkar,Branch Manager,115550,2021-04-13
568,89,Vidhi Raj,Loan Officer,60357,2021-10-23
569,94,Ishaan Sawhney,Cashier,37857,2007-09-01
570,94,Mahika Misra,Cashier,28215,2010-01-04
571,27,Vaishnavi Barad,Credit Analyst,75814,2010-07-19
572,6,Januja Mani,Cashier,31549,2009-07-19
573,65,Urishilla Sehgal,Loan Officer,44355,2010-08-26
574,23,Oliver Seth,Relationship Manager,78630,2023-06-26
575,38,Falguni Kaul,Assistant Manager,84571,2022-01-03
576,26,Tarak Dalal,Customer Service Executive,28403,2017-07-12
577,62,Daniel Borah,Credit Analyst,66182,2009-11-19
578,2,Warhi Soman,Assistant Manager,90289,2018-06-27
579,39,Anya Dubey,IT Support Officer,64835,2018-07-24
580,5,Abdul Som,Credit Analyst,76346,2014-03-13
581,43,Luke Dutt,Credit Analyst,54753,2024-03-27
582,31,Harini Dave,Relationship Manager,73508,2017-02-24
583,81,Maya Thakur,Sales Executive,46767,2019-05-10
584,46,Lakshit Ramesh,IT Support Officer,47967,2010-07-04
585,56,Qarin Barad,Assistant Manager,86088,2010-09-03
586,47,Arunima Bajwa,Operations Executive,44412,2025-05-04
587,68,Tamanna Dugar,Branch Manager,141420,2009-06-18
588,89,Sai Som,Assistant Manager,81416,2020-10-11
589,118,Amaira Gala,Cashier,42883,2007-11-18
590,69,Krishna Sule,Customer Service Executive,40769,2007-02-03
591,84,Avi Sachdeva,IT Support Officer,69099,2016-07-17
592,43,Diya Varkey,Branch Manager,125177,2015-07-24
593,112,Mohini Pai,Branch Manager,127933,2021-08-31
594,3,Balvan Sehgal,Customer Service Executive,42673,2009-08-13
595,91,Ikbal Narang,Assistant Manager,62132,2012-03-13
596,32,Chandresh Bumb,Customer Service Executive,44351,2009-09-11
597,15,Warhi Rattan,Relationship Manager,60082,2017-09-07
598,107,Edhitha Pandey,Operations Executive,48131,2008-09-15
599,48,Charan Krishna,IT Support Officer,40575,2006-12-23
600,115,Eesha Deol,Operations Executive,38426,2024-07-10
601,53,Yagnesh Dayal,Sales Executive,29757,2014-11-16
602,14,Anthony Balasubramanian,Customer Service Executive,31365,2011-04-16
603,88,Mason Rama,Branch Manager,94353,2016-01-21
604,69,Sachi Borah,Customer Service Executive,29216,2011-08-21
605,78,Chaman Iyengar,Operations Executive,46079,2021-06-29
606,3,Indali Datta,Cashier,30282,2014-12-03
607,49,Eiravati Chandran,Operations Executive,54106,2008-05-03
608,111,Vaishnavi Raval,Operations Executive,32938,2011-05-06
609,1,Reva Pandit,Branch Manager,136452,2008-05-05
610,99,Yash Chandran,Customer Service Executive,28188,2020-01-28
611,47,Farhan Raman,Credit Analyst,76085,2008-10-07
612,111,Baljiwan Patel,IT Support Officer,46122,2018-05-27
613,16,Vasana Parikh,Credit Analyst,53256,2014-11-28
614,16,Harinakshi Vyas,Assistant Manager,72657,2007-12-09
615,88,Atharv Lal,IT Support Officer,46859,2023-06-05
616,35,Rehaan Nayar,Relationship Manager,72252,2018-08-17
617,7,Udarsh Muni,Cashier,30273,2015-06-12
618,66,Aadi Yadav,Loan Officer,56589,2023-11-02
619,2,Vritti Comar,Operations Executive,42749,2022-02-19
620,103,Jagvi Oza,Customer Service Executive,35637,2012-12-04
621,116,Nilima Salvi,Cashier,36723,2015-03-12
622,39,Bhavani Shroff,Operations Executive,39013,2008-08-15
623,99,Hema Bansal,Customer Service Executive,30729,2024-06-29
624,77,Samarth Goel,Loan Officer,46151,2012-06-17
625,38,Laban Sanghvi,Loan Officer,64319,2014-06-25
626,114,Ishanvi Nath,Operations Executive,52536,2009-06-09
627,86,Panini Saraf,Loan Officer,45541,2013-06-22
628,50,Dhriti Chaudhari,Sales Executive,34313,2010-11-30
629,19,Damyanti Doctor,IT Support Officer,53343,2009-07-27
630,49,Shivansh Nanda,IT Support Officer,53698,2008-11-16
631,27,Saksham Wali,Assistant Manager,88811,2017-03-11
632,39,Tanmayi Mani,Cashier,25501,2016-01-30
633,44,Diya Borde,Assistant Manager,75989,2012-05-17
634,37,Anya Shanker,Relationship Manager,75594,2007-10-12
635,39,Reva Pillai,Assistant Manager,83014,2016-04-11
636,8,Theodore Chakrabarti,Sales Executive,49981,2013-06-15
637,20,Oliver Yadav,Assistant Manager,83157,2026-04-20
638,25,Eesha De,Loan Officer,67081,2011-07-07
639,106,Brinda Suri,Operations Executive,40368,2019-04-15
640,13,Nathaniel Saini,Branch Manager,162461,2014-08-11
641,17,Arjun Bhakta,Relationship Manager,79272,2007-05-28
642,110,Oscar Salvi,Relationship Manager,50517,2015-09-22
643,43,Meera Kalla,IT Support Officer,67817,2020-09-01
644,42,Amaira Lad,Assistant Manager,62643,2016-04-26
645,120,Lakshmi Din,Relationship Manager,58142,2015-05-05
646,115,Lohit Prakash,Loan Officer,72266,2013-02-13
647,91,Lila Deol,Branch Manager,152478,2019-08-04
648,65,Aarini Randhawa,Relationship Manager,52069,2014-11-24
649,18,Chaitanya Bal,IT Support Officer,60409,2013-05-27
650,16,Vanya Banik,Sales Executive,28235,2024-12-13
651,11,Libni Chhabra,Branch Manager,95874,2010-11-11
652,46,Harrison Vohra,Loan Officer,70178,2011-11-24
653,24,Ranbir Borde,Branch Manager,103755,2022-03-11
654,72,Ekansh Rattan,Credit Analyst,58916,2017-06-13
655,70,Eshana Maharaj,Credit Analyst,53212,2011-01-24
656,18,Ethan Kata,Sales Executive,35006,2012-12-02
657,53,Yahvi Sehgal,Loan Officer,60510,2021-07-11
658,64,Qabil Dhar,Operations Executive,50187,2022-11-18
659,40,Yashawini Banerjee,Relationship Manager,47290,2018-10-16
660,69,Waida Nori,Sales Executive,37802,2013-01-05
661,91,Timothy Chatterjee,IT Support Officer,67833,2023-08-15
662,106,Prisha Oommen,Cashier,30437,2021-08-16
663,1,Leela Bawa,Branch Manager,154669,2015-12-09
664,84,Lekha Ram,Credit Analyst,66779,2015-05-28
665,75,Brinda Ramachandran,Operations Executive,46752,2019-04-19
666,114,Laksh Choudhary,Credit Analyst,55532,2009-07-13
667,118,Zaid Dalal,Cashier,27930,2012-05-21
668,80,Aryan Parikh,Relationship Manager,62780,2012-05-14
669,72,Ishita Pillay,Credit Analyst,58179,2014-11-18
670,108,Advay Khurana,Cashier,29664,2009-12-27
671,103,Vihaan Mani,Branch Manager,105052,2015-07-01
672,114,Jairaj Subramanian,IT Support Officer,61087,2020-06-07
673,63,Gavin Wali,Branch Manager,158953,2011-12-15
674,102,Kavya Mann,Loan Officer,54227,2020-12-21
675,64,Yash Kar,Assistant Manager,90010,2010-11-17
676,67,Urvi Shah,IT Support Officer,55473,2018-09-04
677,93,Shivansh Pai,Customer Service Executive,43916,2022-07-03
678,25,Eshana Narain,IT Support Officer,57465,2012-07-14
679,87,Bhavani Bath,Assistant Manager,72708,2017-01-21
680,97,Yuvraj Narayanan,IT Support Officer,44738,2011-03-08
681,34,Chandran Baral,Cashier,26713,2007-03-09
682,66,Upadhriti Bal,Customer Service Executive,39678,2012-09-01
683,46,Meghana Gola,Loan Officer,51433,2015-06-22
684,70,Fitan Chhabra,Sales Executive,45777,2013-12-03
685,90,Yoshita Ramanathan,Assistant Manager,60914,2014-11-05
686,34,Nathan Vala,Operations Executive,30622,2011-05-16
687,39,Yahvi Pradhan,Sales Executive,30467,2025-11-18
688,95,Mugdha Mangal,Sales Executive,39775,2018-01-14
689,100,Warhi Edwin,Assistant Manager,64412,2022-08-21
690,101,Mohammed Walla,Customer Service Executive,25995,2013-07-15
691,82,Krish Dutt,Customer Service Executive,27833,2015-05-11
692,105,Krisha Bumb,IT Support Officer,55663,2009-06-28
693,84,Naksh Sura,Branch Manager,157778,2006-12-28
694,51,Chasmum Chawla,Branch Manager,171027,2016-05-16
695,19,Varsha Kari,Cashier,42953,2016-01-27
696,71,Idika Sathe,Operations Executive,42433,2011-04-16
697,98,Varsha Goyal,Sales Executive,25011,2020-11-09
698,5,Harini Chauhan,Loan Officer,62245,2013-09-09
699,59,Champak Pau,Customer Service Executive,25024,2023-05-15
700,5,Aarini Bhargava,Relationship Manager,72125,2017-10-08
701,42,Nathaniel Dora,Assistant Manager,82695,2019-11-27
702,77,Siya Sane,Credit Analyst,56317,2015-01-07
703,111,Lavanya Dara,Sales Executive,26422,2018-03-10
704,104,Geetika Mukhopadhyay,IT Support Officer,69706,2012-02-21
705,63,Watika Sidhu,Operations Executive,48959,2021-11-29
706,109,Jeremiah Mohanty,Sales Executive,33723,2008-03-13
707,15,Wahab Kanda,Operations Executive,33623,2021-01-21
708,84,Vinaya Taneja,Credit Analyst,65548,2017-03-18
709,96,Aditya Chada,Credit Analyst,51987,2016-03-06
710,41,Falguni Dube,Operations Executive,44566,2008-06-06
711,52,Qarin Dass,Credit Analyst,51242,2009-11-12
712,105,Samaksh Samra,Relationship Manager,76323,2021-10-16
713,20,Jasmit Barad,Cashier,32260,2017-05-06
714,10,Vasatika Lala,Cashier,42883,2010-06-30
715,45,Christopher Subramaniam,Credit Analyst,64050,2015-06-18
716,3,Daniel Sharaf,Operations Executive,50294,2015-04-09
717,115,Ojasvi Ray,Sales Executive,46864,2021-06-27
718,19,Dipta Kurian,Cashier,33752,2010-07-19
719,43,Zarna Purohit,IT Support Officer,56647,2018-03-14
720,52,Bhavna Mistry,Cashier,28719,2023-12-18
721,89,Yashasvi Deep,Assistant Manager,99009,2014-09-13
722,45,Manan Saxena,Loan Officer,54063,2023-09-20
723,18,Kiaan Om,Cashier,38612,2023-11-05
724,59,Anmol Kanda,Relationship Manager,75221,2010-02-15
725,7,Rishi Zachariah,Branch Manager,115915,2016-02-16
726,5,Bimala Chaudhary,IT Support Officer,65682,2010-09-09
727,38,Janaki Baral,Relationship Manager,62393,2007-10-03
728,96,Madhavi Bora,Sales Executive,29609,2012-06-21
729,42,Oeshi Dyal,Sales Executive,46310,2016-08-18
730,72,Ayush Sankar,Sales Executive,36912,2025-12-23
731,99,Andrew Dhawan,Loan Officer,57110,2023-11-19
732,43,Reva Bhatt,Loan Officer,50556,2009-12-16
733,47,Girik Oak,Branch Manager,125392,2020-08-17
734,19,Rachita Parikh,Relationship Manager,60099,2008-06-15
735,109,Urvashi Keer,IT Support Officer,55167,2020-04-01
736,113,Champak Vala,IT Support Officer,51599,2012-08-22
737,47,Arya Ranganathan,Assistant Manager,72702,2017-08-09
738,61,Urvashi Keer,IT Support Officer,52719,2026-06-17
739,83,Sai Korpal,Relationship Manager,47348,2009-10-25
740,84,Anvi Balasubramanian,Relationship Manager,58952,2021-09-13
741,120,Manthan Misra,Branch Manager,106534,2012-11-21
742,54,Dev Dada,Operations Executive,46424,2021-06-27
743,45,Advika Misra,IT Support Officer,49148,2010-01-14
744,27,Lila Mander,Operations Executive,51719,2023-01-30
745,100,Jasmit Bhalla,IT Support Officer,59659,2016-05-28
746,31,Rohan Balakrishnan,Customer Service Executive,31871,2014-04-22
747,107,Gautam Pillai,Credit Analyst,66233,2017-11-11
748,105,Chaitaly Aurora,Operations Executive,48787,2020-09-05
749,107,Pahal Gade,Customer Service Executive,42892,2008-09-28
750,33,Chanakya Sood,Sales Executive,45055,2008-06-21
751,57,Viraj Bhandari,Assistant Manager,82702,2009-10-17
752,76,Kashish Krishnamurthy,IT Support Officer,46191,2008-07-22
753,68,Aryan Nadig,IT Support Officer,58964,2017-08-25
754,77,Aarna Hora,Customer Service Executive,26042,2018-11-29
755,104,Falguni Soni,Loan Officer,67003,2021-09-09
756,26,Fiyaz Sarkar,IT Support Officer,49268,2018-06-05
757,107,Forum Sagar,Loan Officer,40254,2013-03-02
758,32,Yahvi Guha,Operations Executive,38845,2018-10-12
759,57,Rachita Datta,Loan Officer,56628,2008-08-02
760,42,Waida Lanka,Customer Service Executive,38972,2013-05-24
761,108,Jagdish Kala,Customer Service Executive,40077,2008-06-14
762,93,Rayaan Loke,Sales Executive,39616,2015-05-17
763,75,Vanya Sharaf,IT Support Officer,52513,2024-12-16
764,120,Ishwar Mital,Assistant Manager,96052,2013-02-04
765,3,Balhaar Bhatia,Assistant Manager,77752,2025-05-12
766,111,Balveer Dugal,Cashier,38342,2009-06-28
767,86,Anthony Kapadia,Credit Analyst,64448,2007-12-30
768,41,Bhavya Chad,Relationship Manager,56634,2022-04-30
769,84,Ishita Chada,Credit Analyst,53466,2023-03-23
770,28,Diya Tara,Sales Executive,31641,2023-09-28
771,18,Vidhi Krishna,IT Support Officer,67691,2024-10-01
772,77,Ikshita Jain,Branch Manager,157309,2022-09-21
773,51,Samaksh Anne,IT Support Officer,67519,2015-08-03
774,13,Triveni Dhar,Operations Executive,45580,2015-05-11
775,112,Isha Kara,Relationship Manager,59990,2023-04-10
776,117,George Dash,Sales Executive,38042,2019-05-06
777,106,Aashi Puri,Credit Analyst,73769,2018-01-31
778,66,Krisha Krishna,IT Support Officer,63563,2010-02-04
779,103,Tristan Dhar,Relationship Manager,75580,2018-06-12
780,120,Victor Nagarajan,Loan Officer,59016,2011-05-22
781,56,Tanay Dewan,Sales Executive,32985,2018-06-05
782,53,Gagan Mangal,IT Support Officer,52377,2011-10-27
783,70,Lucky Padmanabhan,Relationship Manager,76885,2012-11-16
784,95,Isaac Zacharia,Cashier,39549,2015-10-10
785,29,Osha Sarkar,Customer Service Executive,31574,2017-07-08
786,72,Eiravati Pau,Customer Service Executive,33846,2009-02-03
787,46,Hemani Sandhu,Sales Executive,25235,2009-10-19
788,22,Joshua Jain,Assistant Manager,77744,2013-03-07
789,66,Yashasvi Dutta,Loan Officer,55165,2019-11-21
790,3,Ekapad Bala,Credit Analyst,53239,2026-04-01
791,61,Widisha Date,Customer Service Executive,44064,2026-02-27
792,73,Kamya Kamdar,Loan Officer,53349,2021-06-11
793,70,Bahadurjit Rama,Assistant Manager,75706,2014-04-14
794,33,Bachittar Mammen,Assistant Manager,70532,2016-06-10
795,67,Nathan Anne,Relationship Manager,45458,2020-04-21
796,99,Arunima Ramakrishnan,Relationship Manager,60107,2007-02-14
797,90,Netra Arora,Cashier,36999,2017-06-01
798,66,Sai Babu,Loan Officer,49020,2014-11-29
799,52,Yashoda Rege,Credit Analyst,51775,2007-03-04
800,68,Omya Sarraf,IT Support Officer,69612,2013-05-01
801,75,Ranveer Biswas,Relationship Manager,77282,2010-11-16
802,117,Tanay Shan,Branch Manager,153350,2026-04-27
803,98,Mahika Johal,Credit Analyst,61370,2024-10-16
804,92,Vedant Rajagopal,Cashier,32349,2008-04-21
805,23,Wakeeta Walla,Loan Officer,54732,2010-03-12
806,23,Rudra Sharaf,Loan Officer,61770,2022-10-15
807,100,Tanay Baria,Relationship Manager,48321,2024-08-11
808,118,Qarin De,Loan Officer,64523,2012-08-11
809,74,Qadim Majumdar,IT Support Officer,56574,2018-12-14
810,83,Ikshita Roy,Sales Executive,40790,2007-09-22
811,76,Anthony Ganesh,IT Support Officer,58931,2022-11-23
812,87,Falan Parmar,Relationship Manager,66132,2007-12-13
813,83,Naveen Nagar,Loan Officer,50068,2025-03-08
814,40,Raksha Sharma,Customer Service Executive,28939,2017-01-30
815,81,Oeshi Gera,Loan Officer,41947,2025-05-14
816,32,Azaan Saini,Relationship Manager,60031,2012-04-29
817,62,Meera Sunder,Branch Manager,146589,2007-12-11
818,13,Ucchal Agate,Cashier,33319,2026-01-11
819,82,Yochana Guha,Sales Executive,35904,2017-08-21
820,44,Farhan Manda,Sales Executive,38351,2008-08-04
821,107,Advik Garg,Credit Analyst,66476,2012-06-26
822,13,Darsh Grover,Branch Manager,94813,2022-12-22
823,99,Lila Varghese,Branch Manager,112051,2021-01-10
824,48,Chakrika Sankaran,Customer Service Executive,44674,2021-03-02
825,95,Orinder Patel,Credit Analyst,53481,2015-01-25
826,6,Rushil Bhattacharyya,Branch Manager,111321,2011-03-01
827,76,Widisha Johal,Branch Manager,171245,2019-07-16
828,49,Bimala Dasgupta,IT Support Officer,62837,2016-03-18
829,32,Jacob Bal,Credit Analyst,57030,2012-09-12
830,33,Jeet Agate,Relationship Manager,57587,2010-05-04
831,99,Imaran Dora,IT Support Officer,63983,2023-07-05
832,7,Yashasvi Saha,Loan Officer,70415,2021-09-05
833,2,Noah Ramesh,Loan Officer,61431,2016-12-29
834,120,Anvi Sarin,Loan Officer,48732,2006-07-12
835,91,Damyanti Bhatia,Credit Analyst,57087,2022-10-03
836,102,Bishakha Desai,Customer Service Executive,34068,2018-09-12
837,5,Odika Morar,Customer Service Executive,36265,2019-12-31
838,87,Kamya Lala,Sales Executive,41057,2019-01-30
839,62,Parth Merchant,Branch Manager,142075,2012-10-17
840,118,Hiral Pandit,Assistant Manager,83327,2009-01-06
841,32,Neha Lall,Sales Executive,42616,2025-08-05
842,118,Watika Varma,Cashier,42254,2014-07-03
843,3,Pahal Ramakrishnan,Operations Executive,38683,2020-08-12
844,80,Ekapad Prakash,Credit Analyst,71629,2017-04-13
845,69,Reyansh Srivastava,Relationship Manager,75508,2015-11-28
846,75,Brijesh Sachdeva,Operations Executive,36713,2025-03-08
847,99,Jeremiah Behl,Cashier,32869,2012-08-05
848,62,Omkaar Sabharwal,Branch Manager,149021,2015-07-10
849,86,Gopal Vaidya,Assistant Manager,99878,2020-09-19
850,120,Henry Koshy,Operations Executive,45268,2022-07-04
851,35,Jason Shankar,Operations Executive,54092,2025-04-30
852,26,Harinakshi Biswas,Branch Manager,115508,2006-09-16
853,37,Vasana Andra,Cashier,28724,2012-01-04
854,29,Priya Sem,Sales Executive,27535,2023-08-04
855,85,Udant Handa,Loan Officer,51173,2020-05-26
856,35,Dayamai Koshy,Assistant Manager,90478,2018-08-12
857,102,Nathaniel Lalla,Sales Executive,32316,2025-03-30
858,12,Pavani Kalla,Assistant Manager,85925,2020-05-15
859,90,Vivaan Iyer,Assistant Manager,73440,2016-09-25
860,115,Aachal Kapoor,Branch Manager,170590,2014-06-18
861,79,Krishna Bhasin,Sales Executive,27940,2006-12-21
862,56,Ansh Hans,Branch Manager,121879,2011-10-07
863,91,Lakshit Madan,Relationship Manager,73438,2009-07-11
864,82,Tanvi Bhattacharyya,Loan Officer,62041,2010-06-30
865,1,Viraj Hora,Assistant Manager,69696,2011-04-22
866,52,Lekha Sankar,Assistant Manager,92507,2012-10-30
867,97,Praneel Wable,Assistant Manager,75583,2012-08-16
868,30,Urmi Merchant,Cashier,43137,2022-07-10
869,60,Gaurav Mani,Sales Executive,49930,2025-01-30
870,42,Akshay Gill,Relationship Manager,53940,2012-04-21
871,118,Kamya Desai,Assistant Manager,66247,2008-02-24
872,92,Agastya Kothari,Branch Manager,178881,2024-07-24
873,78,Yochana Date,IT Support Officer,65162,2016-10-05
874,96,Harini Uppal,IT Support Officer,46578,2026-04-23
875,76,Ekalinga Sathe,Assistant Manager,83715,2011-06-10
876,118,Mason Sridhar,Loan Officer,53588,2014-01-04
877,93,Nandini Pandit,Credit Analyst,81286,2021-01-31
878,12,Indali Gade,Branch Manager,168198,2024-04-24
879,30,Udant Ravel,Branch Manager,172835,2009-11-10
880,38,Wriddhish Nayar,Cashier,37374,2012-09-03
881,44,Qasim Singhal,Credit Analyst,56919,2008-05-31
882,73,Aahana Patla,Operations Executive,52109,2021-05-09
883,84,Noah Parmar,Loan Officer,69952,2026-03-25
884,33,Gunbir Ghosh,Customer Service Executive,28738,2010-05-02
885,108,Niharika Mitter,Sales Executive,26345,2017-05-18
886,93,Bachittar Rattan,Customer Service Executive,32796,2015-06-04
887,22,Anusha Ravi,Branch Manager,104997,2011-07-14
888,111,Sathvik Bala,Credit Analyst,70194,2022-04-22
889,1,Chanakya Dash,Loan Officer,50152,2007-06-25
890,17,Harita Bhasin,Cashier,30993,2015-06-01
891,115,Rishi Bawa,Loan Officer,63873,2014-04-03
892,19,Daniel Minhas,Customer Service Executive,36860,2023-05-01
893,15,Chandani Kapur,Customer Service Executive,36821,2018-05-19
894,82,Lavanya Peri,Assistant Manager,87866,2009-02-11
895,105,Chanchal Subramanian,Customer Service Executive,36467,2011-09-16
896,15,Zayyan Chadha,Operations Executive,42491,2016-03-16
897,65,Azad Taneja,Branch Manager,100237,2007-09-23
898,57,Nachiket Solanki,Customer Service Executive,43469,2020-12-09
899,64,Michael Kibe,Operations Executive,32068,2015-12-20
900,62,Yoshita Comar,IT Support Officer,47686,2010-07-28
901,41,Ojas Seshadri,Sales Executive,39181,2020-09-16
902,83,Advay Menon,Relationship Manager,79005,2006-11-19
903,94,Udarsh Sani,Cashier,44885,2013-11-23
904,90,Vrinda Sankar,Branch Manager,155698,2017-10-20
905,106,Simon Nadkarni,Operations Executive,41823,2019-11-08
906,42,Wakeeta Nadig,Assistant Manager,67477,2020-05-10
907,72,Raksha Samra,Customer Service Executive,43142,2026-07-01
908,72,Lekha Dara,IT Support Officer,51954,2014-12-03
909,66,Eta Devan,Credit Analyst,50091,2015-04-25
910,50,Alka Varughese,Loan Officer,72470,2012-07-29
911,80,Sathvik Malhotra,Operations Executive,36085,2024-07-14
912,29,Aarush Handa,Customer Service Executive,44924,2017-11-21
913,95,Victor Sundaram,Credit Analyst,80574,2010-11-05
914,103,Pahal Dhaliwal,Credit Analyst,65147,2010-04-01
915,82,Charvi Chander,Operations Executive,35970,2016-02-10
916,41,Nachiket Kohli,Customer Service Executive,34785,2014-12-27
917,5,Gauri Lall,Relationship Manager,72656,2021-05-12
918,70,Jacob Panchal,Branch Manager,100280,2009-05-21
919,23,Anjali Chaudhry,Cashier,25953,2008-12-21
920,108,Michael Trivedi,Operations Executive,44934,2024-09-08
921,69,Chaitanya Suresh,Credit Analyst,79800,2015-02-11
922,59,Nisha Pandey,Loan Officer,62428,2026-06-02
923,99,Amruta Patel,Cashier,36217,2024-09-23
924,41,Bachittar Dugar,Assistant Manager,98631,2020-01-04
925,41,Chatresh Hora,Customer Service Executive,38294,2009-07-26
926,114,Pranit Morar,Branch Manager,96567,2026-01-29
927,63,Guneet Nagarajan,Operations Executive,40878,2015-05-30
928,86,Damyanti Aggarwal,Assistant Manager,63212,2016-01-06
929,47,Sanaya Swamy,Credit Analyst,71519,2007-01-27
930,36,Dominic Sule,Relationship Manager,79661,2010-12-17
931,76,Udyati Halder,Assistant Manager,98440,2007-11-18
932,66,Dominic Mistry,Operations Executive,50195,2008-01-12
933,95,Ayaan Muni,Relationship Manager,57281,2017-05-17
934,111,Farhan Shan,Relationship Manager,53960,2023-03-26
935,38,Shaurya Dave,Credit Analyst,74694,2020-10-14
936,52,Hitesh Seth,Assistant Manager,76997,2018-04-27
937,100,Baghyawati Sandal,Loan Officer,70490,2026-06-22
938,8,Bhavani Kakar,Branch Manager,122759,2025-09-07
939,34,Darika Natarajan,Assistant Manager,64249,2018-05-12
940,92,Triveni Puri,Assistant Manager,61943,2007-01-21
941,5,Zashil Tailor,Cashier,39911,2025-07-19
942,56,Patrick Manda,Relationship Manager,63090,2010-08-29
943,75,Matthew Hayre,Loan Officer,70249,2023-04-07
944,105,Fitan Das,Loan Officer,66520,2013-06-06
945,48,Janaki Sahni,Sales Executive,26248,2020-06-19
946,79,Lohit Sibal,Credit Analyst,70340,2007-02-09
947,68,Jack Goyal,IT Support Officer,48292,2008-08-02
948,62,Jairaj Ramanathan,Assistant Manager,69284,2021-04-15
949,50,Warda Bedi,Operations Executive,54332,2020-01-05
950,91,Tristan Merchant,Branch Manager,107432,2025-02-02
951,27,Yashawini Dayal,Customer Service Executive,26773,2019-12-19
952,65,Lakshmi Setty,Relationship Manager,55160,2015-06-06
953,119,Abhimanyu Chanda,Branch Manager,157370,2017-03-26
954,51,Bina Thaker,Loan Officer,54766,2013-09-29
955,34,Chavvi Devi,Loan Officer,58468,2008-02-16
956,47,Unnati Seshadri,Loan Officer,43145,2025-11-08
957,90,Wyatt Badami,Customer Service Executive,27531,2024-02-26
958,42,Girik Chahal,Assistant Manager,68270,2012-08-28
959,13,Pavani Balasubramanian,Cashier,37948,2013-12-29
960,99,Baghyawati Mandal,Relationship Manager,48659,2025-03-03
961,33,Jagrati Ravel,Customer Service Executive,44213,2015-11-28
962,109,Ati Rajagopalan,Customer Service Executive,39866,2016-10-31
963,116,Radhika Palla,Loan Officer,72960,2023-02-02
964,48,Harsh Subramaniam,Sales Executive,46349,2016-03-14
965,53,Udant Narain,Relationship Manager,68680,2024-08-04
966,89,Raghav Mannan,Sales Executive,43047,2024-03-20
967,38,Bishakha Ghosh,Sales Executive,49699,2015-12-03
968,30,Adya Chakrabarti,Assistant Manager,76874,2018-02-17
969,78,Fariq Krishnan,Sales Executive,26281,2025-06-28
970,62,Ira Jaggi,Assistant Manager,83528,2012-04-08
971,115,Hema Dhar,Customer Service Executive,39005,2017-01-30
972,63,Nilima Chaudhary,IT Support Officer,66018,2018-07-20
973,70,Vidhi Natt,Branch Manager,159137,2012-05-12
974,11,Chandran Kade,IT Support Officer,63715,2010-09-08
975,63,Indali Bala,Operations Executive,46466,2014-10-31
976,2,Fariq Thakkar,Branch Manager,132660,2022-07-10
977,79,Ranveer Saini,IT Support Officer,43923,2024-07-11
978,40,Aishani Memon,Customer Service Executive,29459,2017-06-13
979,93,Ekavir Sem,Cashier,28438,2023-11-01
980,69,Yashasvi Dasgupta,Customer Service Executive,32263,2008-04-21
981,115,Maanav Behl,Credit Analyst,82043,2018-04-27
982,111,Nakul Kadakia,Operations Executive,46366,2011-12-31
983,112,Harita Dhingra,Customer Service Executive,34675,2012-03-07
984,85,Nitesh Maharaj,Relationship Manager,65132,2013-03-15
985,77,Saanvi Peri,Operations Executive,36438,2016-02-15
986,104,Zaitra Barad,Assistant Manager,76085,2012-02-12
987,100,Yasti Mital,Operations Executive,31017,2008-12-09
988,17,Yashawini Rau,Customer Service Executive,44349,2018-01-15
989,46,Chandran Munshi,Branch Manager,147754,2012-12-13
990,29,Arya Ahuja,Loan Officer,71749,2021-12-11
991,83,Maya Handa,Sales Executive,49896,2007-11-27
992,57,Bina Issac,Branch Manager,179976,2013-01-22
993,103,Vedhika Ramanathan,IT Support Officer,62844,2011-12-09
994,45,Anita Mani,Loan Officer,47613,2018-03-23
995,85,Irya Reddy,Loan Officer,56550,2010-12-16
996,5,Pranit Thaman,Credit Analyst,64187,2020-07-18
997,115,Wishi Bava,IT Support Officer,44836,2024-07-10
998,61,Widisha Andra,Branch Manager,109164,2011-01-28
999,62,Bhavini Nayak,Sales Executive,42171,2022-03-22
1000,16,Ira Muni,Assistant Manager,79810,2026-03-24
